store_id,title,rating,rental_count
1,LOVE SUICIDES,R,20
1,BARBARELLA STREETCAR,G,18
1,JUGGLER HARDLY,PG-13,18
1,MADNESS ATTACKS,PG-13,18
1,MOVIE SHAKESPEARE,PG,18
1,VELVET TERMINATOR,R,18
1,VIDEOTAPE ARSENIC,NC-17,18
1,WHALE BIKINI,PG-13,18
1,BROTHERHOOD BLANKET,R,17
1,BUCKET BROTHERHOOD,PG,17
1,CENTER DINOSAUR,PG,17
1,DYING MAKER,PG,17
1,FACTORY DRAGON,PG-13,17
1,GANGS PRIDE,PG-13,17
1,GILMORE BOILED,R,17
1,HOMICIDE PEACH,PG-13,17
1,HORN WORKING,PG,17
1,MASK PEACH,NC-17,17
1,MASSACRE USUAL,R,17
1,SCALAWAG DUCK,NC-17,17
1,TOMORROW HUSTLER,R,17
1,WAIT CIDER,PG-13,17
1,WIFE TURN,NC-17,17
1,YENTL IDAHO,R,17
1,BOOGIE AMELIE,R,16
1,BUTTERFLY CHOCOLAT,G,16
1,CLOSER BANG,R,16
1,CONQUERER NUTS,G,16
1,DOGMA FAMILY,G,16
1,EAGLES PANKY,NC-17,16
1,EXPENDABLE STALLION,PG,16
1,FANTASY TROOPERS,PG-13,16
1,FATAL HAUNTED,PG,16
1,FROST HEAD,PG,16
1,GOLDFINGER SENSIBILITY,G,16
1,GRIT CLOCKWORK,PG,16
1,HOMEWARD CIDER,R,16
1,ICE CROSSING,R,16
1,LAWLESS VISION,G,16
1,LIES TREATMENT,NC-17,16
1,PICKUP DRIVING,G,16
1,PLUTO OLEANDER,R,16
1,PULP BEVERLY,G,16
1,ROMAN PUNK,NC-17,16
1,STRANGELOVE DESIRE,NC-17,16
1,SUNRISE LEAGUE,PG-13,16
1,UPRISING UPTOWN,NC-17,16
1,WEST LION,G,16
1,WITCHES PANIC,NC-17,16
1,ZORRO ARK,NC-17,16
1,ANTHEM LUKE,PG-13,15
1,APACHE DIVINE,NC-17,15
1,ATTRACTION NEWTON,PG-13,15
1,BEAUTY GREASE,G,15
1,BOILED DARES,PG,15
1,BROOKLYN DESERT,R,15
1,CABIN FLASH,NC-17,15
1,CAMELOT VACATION,NC-17,15
1,CANDLES GRAPES,NC-17,15
1,CARRIE BUNCH,PG,15
1,CIRCUS YOUTH,PG-13,15
1,COLOR PHILADELPHIA,G,15
1,COMA HEAD,NC-17,15
1,CONEHEADS SMOOCHY,NC-17,15
1,DORADO NOTTING,NC-17,15
1,DRIFTER COMMANDMENTS,PG-13,15
1,EDGE KISSING,NC-17,15
1,FARGO GANDHI,G,15
1,FLATLINERS KILLER,G,15
1,FOOL MOCKINGBIRD,PG,15
1,FORRESTER COMANCHEROS,NC-17,15
1,FORWARD TEMPLE,NC-17,15
1,GIANT TROOPERS,R,15
1,GOLDMINE TYCOON,R,15
1,GOODFELLAS SALUTE,PG,15
1,GREATEST NORTH,NC-17,15
1,HALF OUTFIELD,PG-13,15
1,HANDICAP BOONDOCK,R,15
1,HARRY IDAHO,PG-13,15
1,HILLS NEIGHBORS,G,15
1,HOBBIT ALIEN,PG-13,15
1,HUNTING MUSKETEERS,NC-17,15
1,INVASION CYCLONE,PG,15
1,JET NEIGHBORS,R,15
1,KARATE MOON,PG-13,15
1,LONELY ELEPHANT,G,15
1,MARRIED GO,G,15
1,MOON BUNCH,PG,15
1,PITY BOUND,NC-17,15
1,POND SEATTLE,PG-13,15
1,RANGE MOONWALKER,PG,15
1,RINGS HEARTBREAKERS,G,15
1,ROCKETEER MOTHER,PG-13,15
1,SEATTLE EXPECATIONS,PG-13,15
1,SIEGE MADRE,R,15
1,STORM HAPPINESS,NC-17,15
1,SWEETHEARTS SUSPECTS,G,15
1,TELEGRAPH VOYAGE,PG,15
1,THIEF PELICAN,PG-13,15
1,TORQUE BOUND,G,15
1,TRACY CIDER,G,15
1,TRADING PINOCCHIO,PG,15
1,TRANSLATION SUMMER,PG-13,15
1,TRIP NEWTON,PG-13,15
1,WANDA CHAMBER,PG-13,15
1,WASH HEAVENLY,R,15
1,WASTELAND DIVINE,PG,15
1,WONDERLAND CHRISTMAS,PG,15
1,WORKING MICROCOSMOS,R,15
1,AMISTAD MIDSUMMER,G,14
1,ANALYZE HOOSIERS,R,14
1,ANGELS LIFE,G,14
1,BINGO TALENTED,PG-13,14
1,BLACKOUT PRIVATE,PG,14
1,BLINDNESS GUN,PG-13,14
1,CAT CONEHEADS,G,14
1,CHICKEN HELLFIGHTERS,PG,14
1,CHILL LUCK,PG,14
1,CONFIDENTIAL INTERVIEW,NC-17,14
1,CURTAIN VIDEOTAPE,PG-13,14
1,CYCLONE FAMILY,PG,14
1,DISTURBING SCARFACE,R,14
1,DONNIE ALLEY,NC-17,14
1,EASY GLADIATOR,G,14
1,ELEPHANT TROJAN,PG-13,14
1,FAMILY SWEET,R,14
1,FIDELITY DEVIL,G,14
1,GAMES BOWFINGER,PG-13,14
1,GLASS DYING,G,14
1,GLEAMING JAWBREAKER,NC-17,14
1,GRAFFITI LOVE,PG,14
1,HAMLET WISDOM,R,14
1,IMPOSSIBLE PREJUDICE,NC-17,14
1,INNOCENT USUAL,PG-13,14
1,KNOCK WARLOCK,PG-13,14
1,KWAI HOMEWARD,PG-13,14
1,MINE TITANS,PG-13,14
1,MOSQUITO ARMAGEDDON,G,14
1,MUSCLE BRIGHT,G,14
1,NETWORK PEAK,PG-13,14
1,OTHERS SOUP,PG,14
1,PAJAMA JAWBREAKER,R,14
1,PELICAN COMFORTS,PG,14
1,PREJUDICE OLEANDER,PG-13,14
1,RIDGEMONT SUBMARINE,PG-13,14
1,ROSES TREASURE,PG-13,14
1,SEARCHERS WAIT,NC-17,14
1,SHANE DARKNESS,PG,14
1,SHRUNK DIVINE,R,14
1,SLUMS DUCK,PG,14
1,SNOWMAN ROLLERCOASTER,G,14
1,SPLASH GUMP,PG,14
1,SPY MILE,PG-13,14
1,STAMPEDE DISTURBING,R,14
1,SUSPECTS QUILLS,PG,14
1,TIMBERLAND SKY,G,14
1,TOURIST PELICAN,PG-13,14
1,TRUMAN CRAZY,G,14
1,UNBREAKABLE KARATE,G,14
1,WEREWOLF LOLA,G,14
1,AFFAIR PREJUDICE,G,13
1,ALAMO VIDEOTAPE,G,13
1,ALTER VICTORY,PG-13,13
1,AMADEUS HOLY,PG,13
1,ANONYMOUS HUMAN,NC-17,13
1,ARACHNOPHOBIA ROLLERCOASTER,PG-13,13
1,BANGER PINOCCHIO,R,13
1,BILL OTHERS,PG,13
1,BLUES INSTINCT,G,13
1,BREAKING HOME,PG-13,13
1,BRIGHT ENCOUNTERS,PG-13,13
1,CALENDAR GUNFIGHT,NC-17,13
1,CHASING FIGHT,PG,13
1,CITIZEN SHREK,G,13
1,DADDY PITTSBURGH,G,13
1,DALMATIONS SWEDEN,PG,13
1,DARKNESS WAR,NC-17,13
1,DATE SPEED,R,13
1,DEEP CRUSADE,PG-13,13
1,DISCIPLE MOTHER,PG,13
1,DRIVING POLISH,NC-17,13
1,DURHAM PANKY,R,13
1,EFFECT GLADIATOR,PG,13
1,ENEMY ODDS,NC-17,13
1,EVERYONE CRAFT,PG,13
1,EXPRESS LONELY,R,13
1,FELLOWSHIP AUTUMN,NC-17,13
1,FLASH WARS,NC-17,13
1,FRENCH HOLIDAY,PG,13
1,HANKY OCTOBER,NC-17,13
1,HIGH ENCINO,R,13
1,HORROR REIGN,R,13
1,HYDE DOCTOR,G,13
1,KISSING DOLLS,R,13
1,LUCKY FLYING,PG-13,13
1,MALKOVICH PET,G,13
1,MASKED BUBBLE,PG-13,13
1,MICROCOSMOS PARADISE,PG-13,13
1,MILE MULAN,PG,13
1,MINDS TRUMAN,PG-13,13
1,NATURAL STOCK,PG-13,13
1,NONE SPIKING,NC-17,13
1,NOVOCAINE FLIGHT,G,13
1,OUTBREAK DIVINE,NC-17,13
1,PAST SUICIDES,PG-13,13
1,POLLOCK DELIVERANCE,PG,13
1,PURPLE MOVIE,R,13
1,REIGN GENTLEMEN,PG-13,13
1,REUNION WITCHES,R,13
1,ROBBERS JOON,PG-13,13
1,ROBBERY BRIGHT,R,13
1,RUGRATS SHAKESPEARE,PG-13,13
1,RUSH GOODFELLAS,PG,13
1,SATURDAY LAMBS,G,13
1,SATURN NAME,R,13
1,SEA VIRGIN,PG,13
1,SEABISCUIT PUNK,NC-17,13
1,SHOCK CABIN,PG-13,13
1,SLACKER LIAISONS,R,13
1,SLEUTH ORIENT,NC-17,13
1,SOMETHING DUCK,NC-17,13
1,STEPMOM DREAM,NC-17,13
1,SUN CONFESSIONS,R,13
1,SUPER WYOMING,PG,13
1,TENENBAUMS COMMAND,PG-13,13
1,TITANS JERK,PG,13
1,USUAL UNTOUCHABLES,PG-13,13
1,WONKA SEA,NC-17,13
1,WRONG BEHAVIOR,PG-13,13
1,WYOMING STORM,PG-13,13
1,ACADEMY DINOSAUR,PG,12
1,ATLANTIS CAUSE,G,12
1,BEAR GRACELAND,R,12
1,CANYON STOCK,R,12
1,CHAINSAW UPTOWN,PG,12
1,CHOCOLAT HARRY,NC-17,12
1,CUPBOARD SINNERS,R,12
1,DANCES NONE,NC-17,12
1,DANCING FEVER,G,12
1,DANGEROUS UPTOWN,PG,12
1,DARN FORRESTER,G,12
1,DEER VIRGINIAN,NC-17,12
1,DOUBLE WRATH,R,12
1,ENGLISH BULWORTH,PG-13,12
1,EVOLUTION ALTER,PG-13,12
1,FURY MURDER,PG-13,12
1,GABLES METROPOLIS,PG,12
1,GHOST GROUNDHOG,G,12
1,GREASE YOUTH,G,12
1,GUN BONNIE,G,12
1,HEAD STRANGER,R,12
1,HEAVYWEIGHTS BEAST,G,12
1,HEDWIG ALTER,NC-17,12
1,HUSTLER PARTY,NC-17,12
1,INSTINCT AIRPORT,PG,12
1,ISLAND EXORCIST,NC-17,12
1,LADY STAGE,PG,12
1,LOSE INCH,R,12
1,LOST BIRD,PG-13,12
1,PARADISE SABRINA,PG-13,12
1,PITTSBURGH HUNCHBACK,PG-13,12
1,PRIMARY GLASS,G,12
1,PRINCESS GIANT,NC-17,12
1,RIVER OUTLAW,PG-13,12
1,SAVANNAH TOWN,PG-13,12
1,SECRETS PARADISE,G,12
1,SHEPHERD MIDSUMMER,R,12
1,SLEEPING SUSPECTS,PG-13,12
1,SPEAKEASY DATE,PG-13,12
1,STORY SIDE,R,12
1,STRICTLY SCARFACE,PG-13,12
1,TIGHTS DAWN,R,12
1,TYCOON GATHERING,G,12
1,UPTOWN YOUNG,PG,12
1,VAMPIRE WHALE,NC-17,12
1,VIRGINIAN PLUTO,R,12
1,WARDROBE PHANTOM,G,12
1,WIZARD COLDBLOODED,PG,12
1,AGENT TRUMAN,PG,11
1,ALADDIN CALENDAR,NC-17,11
1,ALASKA PHANTOM,PG,11
1,ANACONDA CONFESSIONS,R,11
1,ARIZONA BANG,PG,11
1,BAREFOOT MANCHURIAN,G,11
1,BASIC EASY,PG-13,11
1,BEAST HUNCHBACK,R,11
1,BLANKET BEVERLY,G,11
1,BRIDE INTRIGUE,G,11
1,CHRISTMAS MOONSHINE,NC-17,11
1,CLUELESS BUCKET,R,11
1,COLDBLOODED DARLING,G,11
1,CROSSROADS CASUALTIES,G,11
1,DAWN POND,PG,11
1,DECEIVER BETRAYED,NC-17,11
1,DREAM PICKUP,PG,11
1,DYNAMITE TARZAN,PG-13,11
1,EMPIRE MALKOVICH,G,11
1,ENDING CROWDS,NC-17,11
1,FEATHERS METAL,PG-13,11
1,FIREBALL PHILADELPHIA,PG,11
1,FISH OPUS,R,11
1,FLINTSTONES HAPPINESS,PG-13,11
1,FUGITIVE MAGUIRE,R,11
1,GO PURPLE,R,11
1,GORGEOUS BINGO,R,11
1,GRAPES FURY,G,11
1,HALL CASSIDY,NC-17,11
1,HOLOCAUST HIGHBALL,R,11
1,JERICHO MULAN,NC-17,11
1,KISS GLORY,PG-13,11
1,LOATHING LEGALLY,R,11
1,MAIDEN HOME,PG,11
1,MALLRATS UNITED,PG,11
1,MALTESE HOPE,PG-13,11
1,MINORITY KISS,G,11
1,MISSION ZOOLANDER,PG-13,11
1,MOCKINGBIRD HOLLYWOOD,PG,11
1,MOD SECRETARY,NC-17,11
1,MUSKETEERS WAIT,PG,11
1,NAME DETECTIVE,PG-13,11
1,OPERATION OPERATION,G,11
1,OSCAR GOLD,PG,11
1,PATIENT SISTER,NC-17,11
1,PAYCHECK WAIT,PG-13,11
1,RAGE GAMES,R,11
1,SABRINA MIDNIGHT,PG,11
1,SATISFACTION CONFIDENTIAL,G,11
1,SHAKESPEARE SADDLE,PG-13,11
1,SHAWSHANK BUBBLE,PG,11
1,SHOOTIST SUPERFLY,PG-13,11
1,SLEEPY JAPANESE,PG,11
1,SOUTH WAIT,R,11
1,SPIRITED CASUALTIES,PG-13,11
1,STEEL SANTA,NC-17,11
1,STONE FIRE,G,11
1,STRANGER STRANGERS,G,11
1,STREETCAR INTENTIONS,R,11
1,SUNDANCE INVASION,NC-17,11
1,TAXI KICK,PG-13,11
1,TELEMARK HEARTBREAKERS,PG-13,11
1,THIN SAGEBRUSH,PG-13,11
1,TIES HUNGER,R,11
1,TOWERS HURRICANE,NC-17,11
1,TRAINSPOTTING STRANGERS,PG-13,11
1,VOLCANO TEXAS,NC-17,11
1,VOYAGE LEGALLY,PG-13,11
1,WEEKEND PERSONAL,R,11
1,WESTWARD SEABISCUIT,NC-17,11
1,WHISPERER GIANT,PG-13,11
1,ALIEN CENTER,NC-17,10
1,AMELIE HELLFIGHTERS,R,10
1,AMERICAN CIRCUS,R,10
1,ANNIE IDENTITY,G,10
1,ANTITRUST TOMATOES,NC-17,10
1,BACKLASH UNDEFEATED,PG-13,10
1,BENEATH RUSH,NC-17,10
1,BIRDS PERDITION,G,10
1,BLADE POLISH,PG-13,10
1,BLOOD ARGONAUTS,G,10
1,BORROWERS BEDAZZLED,G,10
1,BOUND CHEAPER,PG,10
1,BRINGING HYSTERICAL,PG,10
1,CHANCE RESURRECTION,R,10
1,CHICAGO NORTH,PG-13,10
1,CONTACT ANONYMOUS,PG-13,10
1,CRAFT OUTFIELD,NC-17,10
1,CROOKED FROGMEN,PG-13,10
1,DETAILS PACKER,R,10
1,DOOM DANCING,R,10
1,DOWNHILL ENOUGH,G,10
1,EARTH VISION,NC-17,10
1,EGYPT TENENBAUMS,PG,10
1,ELEMENT FREDDY,NC-17,10
1,ELIZABETH SHANE,NC-17,10
1,ENCOUNTERS CURTAIN,NC-17,10
1,EXCITEMENT EVE,G,10
1,GONE TROUBLE,R,10
1,GUNFIGHT MOON,NC-17,10
1,HALLOWEEN NUTS,PG-13,10
1,HARPER DYING,G,10
1,HEARTBREAKERS BRIGHT,G,10
1,HELLFIGHTERS SIERRA,PG,10
1,HUNCHBACK IMPOSSIBLE,PG-13,10
1,HURRICANE AFFAIR,PG,10
1,IDOLS SNATCHERS,NC-17,10
1,JEOPARDY ENCINO,R,10
1,LOLITA WORLD,NC-17,10
1,LORD ARIZONA,PG-13,10
1,LUCK OPUS,NC-17,10
1,LUST LOCK,G,10
1,MADIGAN DORADO,R,10
1,MARS ROMAN,NC-17,10
1,METAL ARMAGEDDON,PG-13,10
1,MONEY HAROLD,PG,10
1,MOULIN WAKE,PG-13,10
1,MURDER ANTITRUST,PG,10
1,MYSTIC TRUMAN,NC-17,10
1,NORTHWEST POLISH,PG,10
1,OLEANDER CLUE,PG,10
1,PACIFIC AMISTAD,G,10
1,PATTON INTERVIEW,PG,10
1,POCUS PULP,NC-17,10
1,POSEIDON FOREVER,PG-13,10
1,POTTER CONNECTICUT,PG,10
1,REQUIEM TYCOON,R,10
1,RUN PACIFIC,R,10
1,SMILE EARRING,G,10
1,SMOKING BARBARELLA,PG-13,10
1,SONG HEDWIG,PG-13,10
1,SONS INTERVIEW,NC-17,10
1,STING PERSONAL,NC-17,10
1,SUPERFLY TRIP,PG,10
1,TALENTED HOMICIDE,PG,10
1,THEORY MERMAID,PG-13,10
1,VALLEY PACKER,G,10
1,WAGON JAWS,PG,10
1,WOLVES DESIRE,NC-17,10
1,ANYTHING SAVANNAH,R,9
1,ARMAGEDDON LOST,G,9
1,BADMAN DAWN,R,9
1,BALLOON HOMEWARD,NC-17,9
1,BEVERLY OUTLAW,R,9
1,BIRDCAGE CASPER,NC-17,9
1,BOULEVARD MOB,R,9
1,CARIBBEAN LIBERTY,NC-17,9
1,CHARIOTS CONSPIRACY,R,9
1,CLASH FREDDY,G,9
1,CONVERSATION DOWNHILL,R,9
1,CRAZY HOME,PG,9
1,DARES PLUTO,PG-13,9
1,DARLING BREAKING,PG-13,9
1,DIARY PANIC,G,9
1,DINOSAUR SECRETARY,R,9
1,DRACULA CRYSTAL,G,9
1,FORREST SONS,R,9
1,GARDEN ISLAND,G,9
1,GRADUATE LORD,G,9
1,GRAIL FRANKENSTEIN,NC-17,9
1,GROOVE FICTION,NC-17,9
1,GUYS FALCON,R,9
1,HOPE TOOTSIE,NC-17,9
1,HOTEL HAPPINESS,PG-13,9
1,HOURS RAGE,NC-17,9
1,IGBY MAKER,NC-17,9
1,IMAGE PRINCESS,PG-13,9
1,IMPACT ALADDIN,PG-13,9
1,INTOLERABLE INTENTIONS,PG-13,9
1,INTRIGUE WORST,G,9
1,JEDI BENEATH,PG,9
1,JEKYLL FROGMEN,PG,9
1,JERK PAYCHECK,NC-17,9
1,JUNGLE CLOSER,NC-17,9
1,KING EVOLUTION,NC-17,9
1,KRAMER CHOCOLATE,R,9
1,LIAISONS SWEET,PG,9
1,MAGUIRE APACHE,NC-17,9
1,MATRIX SNOWMAN,PG-13,9
1,METROPOLIS COMA,PG-13,9
1,MONTEZUMA COMMAND,NC-17,9
1,MOTIONS DETAILS,PG,9
1,MOURNING PURPLE,PG,9
1,MUSIC BOONDOCK,R,9
1,NIGHTMARE CHILL,PG,9
1,NUTS TIES,NC-17,9
1,OPEN AFRICAN,PG,9
1,PIANIST OUTFIELD,NC-17,9
1,PIRATES ROXANNE,PG,9
1,REDS POCUS,PG-13,9
1,RESURRECTION SILVERADO,PG,9
1,ROXANNE REBEL,R,9
1,RULES HUMAN,R,9
1,SAGEBRUSH CLUELESS,G,9
1,SCORPION APOLLO,NC-17,9
1,SECRET GROUNDHOG,PG,9
1,SECRETARY ROUGE,PG,9
1,SNATCH SLIPPER,PG,9
1,SNATCHERS MONTEZUMA,PG-13,9
1,SPICE SORORITY,NC-17,9
1,STRAIGHT HOURS,R,9
1,SWARM GOLD,PG-13,9
1,TITANIC BOONDOCK,R,9
1,TROJAN TOMORROW,PG,9
1,TROOPERS METAL,R,9
1,TURN STAR,G,9
1,UNITED PILOT,R,9
1,VACATION BOONDOCK,R,9
1,VICTORY ACADEMY,PG-13,9
1,WISDOM WORKER,R,9
1,WON DARES,PG,9
1,WONDERFUL DROP,NC-17,9
1,ALABAMA DEVIL,PG-13,8
1,BIKINI BORROWERS,NC-17,8
1,CAROL TEXAS,PG,8
1,CELEBRITY HORN,PG-13,8
1,CHAPLIN LICENSE,NC-17,8
1,CHEAPER CLYDE,G,8
1,CLONES PINOCCHIO,R,8
1,CRUSADE HONEY,R,8
1,DESTINATION JERK,PG-13,8
1,DETECTIVE VISION,PG-13,8
1,DIRTY ACE,NC-17,8
1,DIVIDE MONSTER,PG-13,8
1,EARRING INSTINCT,R,8
1,EGG IGBY,PG,8
1,ESCAPE METROPOLIS,R,8
1,EXPECATIONS NATURAL,PG-13,8
1,EYES DRIVING,PG-13,8
1,FALCON VOLUME,PG-13,8
1,FANTASIA PARK,G,8
1,FERRIS MOTHER,PG,8
1,FEUD FROGMEN,R,8
1,FIGHT JAWBREAKER,R,8
1,FLAMINGOS CONNECTICUT,PG-13,8
1,FREAKY POCUS,R,8
1,FREDDY STORM,NC-17,8
1,GASLIGHT CRUSADE,PG,8
1,GODFATHER DIARY,NC-17,8
1,GOLD RIVER,R,8
1,GOSFORD DONNIE,G,8
1,HAROLD FRENCH,NC-17,8
1,HEAVEN FREEDOM,PG,8
1,HONEY TIES,R,8
1,IDAHO LOVE,PG-13,8
1,INSIDER ARIZONA,NC-17,8
1,INTENTIONS EMPIRE,PG-13,8
1,INTERVIEW LIAISONS,R,8
1,JASON TRAP,NC-17,8
1,JEEPERS WEDDING,R,8
1,JUMANJI BLADE,G,8
1,JUMPING WRATH,NC-17,8
1,KICK SAVANNAH,PG-13,8
1,LIGHTS DEER,R,8
1,MAGNIFICENT CHITTY,R,8
1,MANCHURIAN CURTAIN,PG,8
1,MAUDE MOD,R,8
1,MEET CHOCOLATE,G,8
1,MIDSUMMER GROUNDHOG,G,8
1,OUTLAW HANKY,PG-13,8
1,PANTHER REDS,NC-17,8
1,PEACH INNOCENT,PG-13,8
1,PEAK FOREVER,PG,8
1,PERSONAL LADYBUGS,PG-13,8
1,PET HAUNTING,PG,8
1,PILOT HOOSIERS,PG,8
1,REAR TRADING,NC-17,8
1,RECORDS ZORRO,PG,8
1,REDEMPTION COMFORTS,NC-17,8
1,ROCKY WAR,PG-13,8
1,SAMURAI LION,G,8
1,SCARFACE BANG,PG-13,8
1,SHANGHAI TYCOON,PG,8
1,SHINING ROSES,G,8
1,SHIP WONDERLAND,R,8
1,SIERRA DIVIDE,NC-17,8
1,SINNERS ATLANTIS,PG-13,8
1,SOLDIERS EVOLUTION,R,8
1,SPLENDOR PATTON,R,8
1,STAGECOACH ARMAGEDDON,R,8
1,STATE WASTELAND,NC-17,8
1,STEERS ARMAGEDDON,PG,8
1,STREAK RIDGEMONT,PG-13,8
1,SUIT WALLS,R,8
1,SUMMER SCARFACE,G,8
1,SWEDEN SHINING,PG,8
1,TARZAN VIDEOTAPE,PG-13,8
1,TOOTSIE PILOT,PG,8
1,UNDEFEATED DALMATIONS,PG-13,8
1,WAR NOTTING,G,8
1,WATERFRONT DELIVERANCE,G,8
1,WIND PHANTOM,R,8
1,WORDS HUNTER,PG,8
1,WORKER TARZAN,R,8
1,ATTACKS HATE,PG-13,7
1,BAKED CLEOPATRA,G,7
1,BEDAZZLED MARRIED,PG,7
1,BETRAYED REAR,NC-17,7
1,BULWORTH COMMANDMENTS,G,7
1,CAPER MOTIONS,G,7
1,CAUSE DATE,R,7
1,CHITTY LOCK,G,7
1,CINCINATTI WHISPERER,NC-17,7
1,CLEOPATRA DEVIL,PG-13,7
1,CLUB GRAFFITI,PG-13,7
1,CLUE GRAIL,NC-17,7
1,COAST RAINBOW,PG,7
1,COMFORTS RUSH,NC-17,7
1,CONGENIALITY QUEST,PG-13,7
1,CONTROL ANTHEM,G,7
1,COWBOY DOOM,PG,7
1,CRUELTY UNFORGIVEN,G,7
1,DESERT POSEIDON,R,7
1,DESTINY SATURDAY,G,7
1,DIVORCE SHINING,G,7
1,DOCTOR GRAIL,G,7
1,DOORS PRESIDENT,NC-17,7
1,DUFFEL APOCALYPSE,G,7
1,ELF MURDER,NC-17,7
1,ENTRAPMENT SATISFACTION,R,7
1,EVE RESURRECTION,G,7
1,EXORCIST STING,G,7
1,FICTION CHRISTMAS,PG,7
1,GALAXY SWEETHEARTS,R,7
1,GROUNDHOG UNCUT,PG-13,7
1,GUNFIGHTER MUSSOLINI,PG-13,7
1,HAUNTING PIANIST,R,7
1,HAWK CHILL,PG-13,7
1,HEAVENLY GUN,NC-17,7
1,HOLLYWOOD ANONYMOUS,PG,7
1,HYSTERICAL GRAIL,PG,7
1,ISHTAR ROCKETEER,R,7
1,JACKET FRISCO,PG-13,7
1,JOON NORTHWEST,NC-17,7
1,LAWRENCE LOVE,NC-17,7
1,LICENSE WEEKEND,NC-17,7
1,LION UNCUT,PG,7
1,LOLA AGENT,PG,7
1,MENAGERIE RUSHMORE,G,7
1,MIDNIGHT WESTWARD,G,7
1,MILLION ACE,PG-13,7
1,MONSTER SPARTACUS,PG,7
1,MOONSHINE CABIN,PG-13,7
1,MOTHER OLEANDER,R,7
1,NEIGHBORS CHARADE,R,7
1,ORANGE GRAPES,PG-13,7
1,ORIENT CLOSER,R,7
1,OZ LIAISONS,R,7
1,PACKER MADIGAN,PG-13,7
1,PANIC CLUB,G,7
1,PARTY KNOCK,PG,7
1,PATRIOT ROMAN,PG,7
1,PERFECT GROOVE,PG-13,7
1,PHILADELPHIA WIFE,PG-13,7
1,PRESIDENT BANG,PG,7
1,PURE RUNNER,NC-17,7
1,ROCK INSTINCT,G,7
1,ROOTS REMEMBER,PG-13,7
1,ROUGE SQUAD,NC-17,7
1,SHOW LORD,PG-13,7
1,SPINAL ROCKY,PG-13,7
1,SQUAD FISH,PG,7
1,STAR OPERATION,PG,7
1,SUGAR WONKA,PG,7
1,TOMATOES HELLFIGHTERS,PG,7
1,TOWN ARK,R,7
1,TRAMP OTHERS,PG,7
1,TRAP GUYS,G,7
1,TROUBLE DATE,PG,7
1,TUXEDO MILE,R,7
1,UNFORGIVEN ZOOLANDER,PG,7
1,VISION TORQUE,PG-13,7
1,WEDDING APOLLO,PG,7
1,WOMEN DORADO,R,7
1,YOUNG LANGUAGE,G,7
1,AIRPLANE SIERRA,PG-13,6
1,ALLEY EVOLUTION,NC-17,6
1,ALONE TRIP,R,6
1,BANG KWAI,NC-17,6
1,BERETS AGENT,PG-13,6
1,BIRCH ANTITRUST,PG,6
1,BREAKFAST GOLDFINGER,G,6
1,CAMPUS REMEMBER,R,6
1,COMANCHEROS ENEMY,R,6
1,CONFESSIONS MAGUIRE,PG-13,6
1,CONFUSED CANDLES,PG-13,6
1,CONNECTION MICROCOSMOS,G,6
1,CORE SUIT,PG-13,6
1,CROW GREASE,PG,6
1,DESPERATE TRAINSPOTTING,G,6
1,DRAGONFLY STRANGERS,NC-17,6
1,DUCK RACER,NC-17,6
1,ENCINO ELF,G,6
1,ENOUGH RAGING,NC-17,6
1,FRIDA SLIPPER,R,6
1,FRONTIER CABIN,PG-13,6
1,GENTLEMEN STAGE,NC-17,6
1,GRACELAND DYNAMITE,R,6
1,GREEK EVERYONE,PG,6
1,HIGHBALL POTTER,R,6
1,HOUSE DYNAMITE,R,6
1,HUMAN GRAFFITI,NC-17,6
1,INSECTS STONE,NC-17,6
1,KILLER INNOCENT,R,6
1,LEAGUE HELLFIGHTERS,PG-13,6
1,LEBOWSKI SOLDIERS,PG-13,6
1,LOVELY JINGLE,PG,6
1,MADISON TRAP,R,6
1,MAGNOLIA FORRESTER,PG-13,6
1,MEMENTO ZOOLANDER,NC-17,6
1,MUMMY CREATURES,NC-17,6
1,NATIONAL STORY,NC-17,6
1,NEWTON LABYRINTH,PG,6
1,OUTFIELD MASSACRE,NC-17,6
1,PHANTOM GLORY,NC-17,6
1,QUEEN LUKE,PG,6
1,QUILLS BULL,R,6
1,REAP UNFAITHFUL,PG-13,6
1,ROOM ROMAN,PG,6
1,SIDE ARK,G,6
1,SIMON NORTH,NC-17,6
1,TEXAS WATCH,NC-17,6
1,UNCUT SUICIDES,PG-13,6
1,VARSITY TRIP,NC-17,6
1,VIETNAM SMOOCHY,PG-13,6
1,VOICE PEACH,PG-13,6
1,WARLOCK WEREWOLF,G,6
1,WATERSHIP FRONTIER,G,6
1,WILLOW TRACY,R,6
1,WORST BANGER,PG,6
1,YOUTH KICK,NC-17,6
1,ZOOLANDER FICTION,R,6
1,BOWFINGER GABLES,NC-17,5
1,BRAVEHEART HUMAN,PG-13,5
1,BULL SHAWSHANK,NC-17,5
1,CASABLANCA SUPER,G,5
1,COMMAND DARLING,PG-13,5
1,DAY UNFAITHFUL,G,5
1,DEVIL DESIRE,R,5
1,FEVER EMPIRE,R,5
1,FLYING HOOK,NC-17,5
1,FREEDOM CLEOPATRA,PG-13,5
1,FULL FLATLINERS,PG,5
1,GLORY TRACY,PG-13,5
1,GRINCH MASSAGE,R,5
1,HUNTER ALTER,PG-13,5
1,INCH JET,NC-17,5
1,INDEPENDENCE HOTEL,NC-17,5
1,INDIAN LOVE,NC-17,5
1,LOUISIANA HARRY,PG-13,5
1,MERMAID INSECTS,NC-17,5
1,NEMO CAMPUS,NC-17,5
1,PANKY SUBMARINE,G,5
1,PINOCCHIO SIMON,PG,5
1,PRIVATE DROP,PG,5
1,QUEST MUSSOLINI,R,5
1,REEF SALUTE,NC-17,5
1,ROAD ROXANNE,R,5
1,SILENCE KANE,R,5
1,SILVERADO GOLDFINGER,PG,5
1,SLEEPLESS MONSOON,G,5
1,VANISHING ROCKY,NC-17,5
1,VIRGIN DAISY,PG-13,5
1,WATCH TRACY,PG,5
1,WILD APOLLO,R,5
1,CANDIDATE PERDITION,R,4
1,CHAMBER ITALIAN,NC-17,4
1,CIDER DESIRE,PG,4
1,CREATURES SHAKESPEARE,NC-17,4
1,DRIVER ANNIE,PG-13,4
1,HARDLY ROBBERS,R,4
1,HOLES BRANNIGAN,PG,4
1,HUNGER ROOF,G,4
1,JAWS HARRY,G,4
1,MIXED DOORS,PG-13,4
1,PATHS CONTROL,PG,4
1,PRIDE ALAMO,NC-17,4
1,RACER EGG,NC-17,4
1,REMEMBER DIARY,R,4
1,SALUTE APOLLO,R,4
1,TRAIN BUNCH,R,4
2,IDOLS SNATCHERS,NC-17,20
2,HANGING DEEP,G,19
2,SALUTE APOLLO,R,19
2,TALENTED HOMICIDE,PG,19
2,AIRPORT POLLOCK,R,18
2,DETECTIVE VISION,PG-13,18
2,ENGLISH BULWORTH,PG-13,18
2,JADE BUNCH,NC-17,18
2,POLISH BROOKLYN,PG,18
2,ROBBERS JOON,PG-13,18
2,ROCKETEER MOTHER,PG-13,18
2,RUSH GOODFELLAS,PG,18
2,SHOW LORD,PG-13,18
2,STAGECOACH ARMAGEDDON,R,18
2,BEACH HEARTBREAKERS,G,17
2,BUCKET BROTHERHOOD,PG,17
2,CAPER MOTIONS,G,17
2,CHANCE RESURRECTION,R,17
2,ESCAPE METROPOLIS,R,17
2,FEUD FROGMEN,R,17
2,FORWARD TEMPLE,NC-17,17
2,GANDHI KWAI,PG-13,17
2,GENTLEMEN STAGE,NC-17,17
2,HANOVER GALAXY,NC-17,17
2,HOUSE DYNAMITE,R,17
2,LOLA AGENT,PG,17
2,MAJESTIC FLOATS,PG,17
2,METROPOLIS COMA,PG-13,17
2,NETWORK PEAK,PG-13,17
2,NOON PAPI,G,17
2,ORANGE GRAPES,PG-13,17
2,OZ LIAISONS,R,17
2,RIDGEMONT SUBMARINE,PG-13,17
2,RUGRATS SHAKESPEARE,PG-13,17
2,SAMURAI LION,G,17
2,STRANGERS GRAFFITI,R,17
2,SWARM GOLD,PG-13,17
2,TEEN APOLLO,G,17
2,TIMBERLAND SKY,G,17
2,VOYAGE LEGALLY,PG-13,17
2,APACHE DIVINE,NC-17,16
2,ARMY FLINTSTONES,R,16
2,ARTIST COLDBLOODED,NC-17,16
2,BONNIE HOLOCAUST,G,16
2,CADDYSHACK JEDI,NC-17,16
2,CELEBRITY HORN,PG-13,16
2,CLASH FREDDY,G,16
2,CONTACT ANONYMOUS,PG-13,16
2,DAISY MENAGERIE,G,16
2,DEER VIRGINIAN,NC-17,16
2,DUDE BLINDNESS,G,16
2,ENEMY ODDS,NC-17,16
2,GOODFELLAS SALUTE,PG,16
2,GRAFFITI LOVE,PG,16
2,GRIT CLOCKWORK,PG,16
2,HOBBIT ALIEN,PG-13,16
2,JUMPING WRATH,NC-17,16
2,LOCK REAR,R,16
2,MUSCLE BRIGHT,G,16
2,NIGHTMARE CHILL,PG,16
2,POCUS PULP,NC-17,16
2,SLIPPER FIDELITY,PG-13,16
2,STORY SIDE,R,16
2,VIRGINIAN PLUTO,R,16
2,WEDDING APOLLO,PG,16
2,ALASKA PHANTOM,PG,15
2,BINGO TALENTED,PG-13,15
2,CAT CONEHEADS,G,15
2,CHARADE DUFFEL,PG,15
2,CIDER DESIRE,PG,15
2,CONFIDENTIAL INTERVIEW,NC-17,15
2,CONGENIALITY QUEST,PG-13,15
2,DANCING FEVER,G,15
2,DOWNHILL ENOUGH,G,15
2,FLAMINGOS CONNECTICUT,PG-13,15
2,FREDDY STORM,NC-17,15
2,HAUNTING PIANIST,R,15
2,HIGHBALL POTTER,R,15
2,HOLIDAY GAMES,PG-13,15
2,ILLUSION AMELIE,R,15
2,JASON TRAP,NC-17,15
2,LABYRINTH LEAGUE,PG-13,15
2,LEBOWSKI SOLDIERS,PG-13,15
2,LOATHING LEGALLY,R,15
2,LOSE INCH,R,15
2,LOSER HUSTLER,PG,15
2,MARRIED GO,G,15
2,METAL ARMAGEDDON,PG-13,15
2,MODEL FISH,NC-17,15
2,MODERN DORADO,PG,15
2,NASH CHOCOLAT,PG-13,15
2,NECKLACE OUTBREAK,PG,15
2,ODDS BOOGIE,NC-17,15
2,OPERATION OPERATION,G,15
2,PACKER MADIGAN,PG-13,15
2,PHILADELPHIA WIFE,PG-13,15
2,PINOCCHIO SIMON,PG,15
2,PRIMARY GLASS,G,15
2,QUEEN LUKE,PG,15
2,QUEST MUSSOLINI,R,15
2,SATURDAY LAMBS,G,15
2,SCALAWAG DUCK,NC-17,15
2,SCISSORHANDS SLUMS,G,15
2,SHOCK CABIN,PG-13,15
2,SPIRIT FLINTSTONES,R,15
2,SUBMARINE BED,R,15
2,SUSPECTS QUILLS,PG,15
2,SWEET BROTHERHOOD,R,15
2,TITANS JERK,PG,15
2,TROUBLE DATE,PG,15
2,WARDROBE PHANTOM,G,15
2,WESTWARD SEABISCUIT,NC-17,15
2,WIND PHANTOM,R,15
2,WOMEN DORADO,R,15
2,ZORRO ARK,NC-17,15
2,BALLOON HOMEWARD,NC-17,14
2,BERETS AGENT,PG-13,14
2,BUTTERFLY CHOCOLAT,G,14
2,CAUSE DATE,R,14
2,CLUELESS BUCKET,R,14
2,COAST RAINBOW,PG,14
2,CREEPERS KANE,NC-17,14
2,DIVINE RESURRECTION,R,14
2,DOGMA FAMILY,G,14
2,DYNAMITE TARZAN,PG-13,14
2,FISH OPUS,R,14
2,FLYING HOOK,NC-17,14
2,GLEAMING JAWBREAKER,NC-17,14
2,GREATEST NORTH,NC-17,14
2,GREEDY ROOTS,R,14
2,HARRY IDAHO,PG-13,14
2,HOME PITY,R,14
2,HORROR REIGN,R,14
2,HURRICANE AFFAIR,PG,14
2,INDEPENDENCE HOTEL,NC-17,14
2,ISLAND EXORCIST,NC-17,14
2,KANE EXORCIST,R,14
2,MADRE GABLES,PG-13,14
2,MALLRATS UNITED,PG,14
2,MIDSUMMER GROUNDHOG,G,14
2,MOON BUNCH,PG,14
2,MOONSHINE CABIN,PG-13,14
2,NOTORIOUS REUNION,NC-17,14
2,OSCAR GOLD,PG,14
2,PACIFIC AMISTAD,G,14
2,PARIS WEEKEND,PG-13,14
2,PRINCESS GIANT,NC-17,14
2,RACER EGG,NC-17,14
2,REMEMBER DIARY,R,14
2,ROAD ROXANNE,R,14
2,ROOM ROMAN,PG,14
2,ROSES TREASURE,PG-13,14
2,SADDLE ANTITRUST,PG-13,14
2,SCORPION APOLLO,NC-17,14
2,SHREK LICENSE,PG-13,14
2,SINNERS ATLANTIS,PG-13,14
2,SLEEPLESS MONSOON,G,14
2,STOCK GLASS,PG,14
2,STORM HAPPINESS,NC-17,14
2,STREETCAR INTENTIONS,R,14
2,TELEMARK HEARTBREAKERS,PG-13,14
2,TIGHTS DAWN,R,14
2,VIRTUAL SPOILERS,NC-17,14
2,WIFE TURN,NC-17,14
2,WITCHES PANIC,NC-17,14
2,WRATH MILE,NC-17,14
2,ARABIA DOGMA,NC-17,13
2,BEHAVIOR RUNAWAY,PG,13
2,BILKO ANONYMOUS,PG-13,13
2,BLACKOUT PRIVATE,PG,13
2,BOUND CHEAPER,PG,13
2,CAMPUS REMEMBER,R,13
2,CANDIDATE PERDITION,R,13
2,CHAMPION FLATLINERS,PG,13
2,CHISUM BEHAVIOR,G,13
2,CONNECTICUT TRAMP,R,13
2,DIVIDE MONSTER,PG-13,13
2,DOUBLE WRATH,R,13
2,DRIVER ANNIE,PG-13,13
2,DRUMS DYNAMITE,PG,13
2,DURHAM PANKY,R,13
2,EGG IGBY,PG,13
2,FALCON VOLUME,PG-13,13
2,FAMILY SWEET,R,13
2,FELLOWSHIP AUTUMN,NC-17,13
2,FIGHT JAWBREAKER,R,13
2,FOREVER CANDIDATE,NC-17,13
2,FROST HEAD,PG,13
2,GIANT TROOPERS,R,13
2,GUN BONNIE,G,13
2,HANDICAP BOONDOCK,R,13
2,HANKY OCTOBER,NC-17,13
2,HOOK CHARIOTS,G,13
2,IDENTITY LOVER,PG-13,13
2,INCH JET,NC-17,13
2,JINGLE SAGEBRUSH,PG-13,13
2,JUGGLER HARDLY,PG-13,13
2,LIAISONS SWEET,PG,13
2,MAIDEN HOME,PG,13
2,MALKOVICH PET,G,13
2,MASSACRE USUAL,R,13
2,MILLION ACE,PG-13,13
2,MONTEREY LABYRINTH,G,13
2,MURDER ANTITRUST,PG,13
2,NATIONAL STORY,NC-17,13
2,NONE SPIKING,NC-17,13
2,OUTFIELD MASSACRE,NC-17,13
2,PATTON INTERVIEW,PG,13
2,PULP BEVERLY,G,13
2,RAGING AIRPLANE,R,13
2,SASSY PACKER,G,13
2,SHEPHERD MIDSUMMER,R,13
2,SHOOTIST SUPERFLY,PG-13,13
2,SNATCH SLIPPER,PG,13
2,SPIKING ELEMENT,G,13
2,SPLENDOR PATTON,R,13
2,SPY MILE,PG-13,13
2,STAR OPERATION,PG,13
2,SWEETHEARTS SUSPECTS,G,13
2,TRAMP OTHERS,PG,13
2,TRIP NEWTON,PG-13,13
2,UNDEFEATED DALMATIONS,PG-13,13
2,VOICE PEACH,PG-13,13
2,ADAPTATION HOLES,NC-17,12
2,ALADDIN CALENDAR,NC-17,12
2,ALIEN CENTER,NC-17,12
2,ANNIE IDENTITY,G,12
2,ATLANTIS CAUSE,G,12
2,BADMAN DAWN,R,12
2,BEVERLY OUTLAW,R,12
2,BOOGIE AMELIE,R,12
2,BORN SPINAL,PG,12
2,BORROWERS BEDAZZLED,G,12
2,BRANNIGAN SUNRISE,PG,12
2,CALIFORNIA BIRDS,NC-17,12
2,CHARIOTS CONSPIRACY,R,12
2,CHEAPER CLYDE,G,12
2,CLOSER BANG,R,12
2,CORE SUIT,PG-13,12
2,CROOKED FROGMEN,PG-13,12
2,CURTAIN VIDEOTAPE,PG-13,12
2,DESERT POSEIDON,R,12
2,DISTURBING SCARFACE,R,12
2,DORADO NOTTING,NC-17,12
2,DRACULA CRYSTAL,G,12
2,EARTH VISION,NC-17,12
2,ENCINO ELF,G,12
2,EXPENDABLE STALLION,PG,12
2,FATAL HAUNTED,PG,12
2,FICTION CHRISTMAS,PG,12
2,FINDING ANACONDA,R,12
2,FLIGHT LIES,R,12
2,GOLDMINE TYCOON,R,12
2,GUNFIGHT MOON,NC-17,12
2,HYDE DOCTOR,G,12
2,INNOCENT USUAL,PG-13,12
2,INTERVIEW LIAISONS,R,12
2,INVASION CYCLONE,PG,12
2,LIBERTY MAGNIFICENT,G,12
2,LOUISIANA HARRY,PG-13,12
2,LOVERBOY ATTACKS,PG-13,12
2,MASSAGE IMAGE,PG,12
2,MIGHTY LUCK,PG,12
2,MOB DUFFEL,G,12
2,MOCKINGBIRD HOLLYWOOD,PG,12
2,MOONWALKER FOOL,G,12
2,MOURNING PURPLE,PG,12
2,MULAN MOON,G,12
2,NEIGHBORS CHARADE,R,12
2,OPEN AFRICAN,PG,12
2,OPPOSITE NECKLACE,PG,12
2,PEAK FOREVER,PG,12
2,PELICAN COMFORTS,PG,12
2,RANGE MOONWALKER,PG,12
2,REDEMPTION COMFORTS,NC-17,12
2,RESURRECTION SILVERADO,PG,12
2,SEABISCUIT PUNK,NC-17,12
2,SECRET GROUNDHOG,PG,12
2,SORORITY QUEEN,NC-17,12
2,STEEL SANTA,NC-17,12
2,SUN CONFESSIONS,R,12
2,TELEGRAPH VOYAGE,PG,12
2,TEMPLE ATTRACTION,PG,12
2,TITANIC BOONDOCK,R,12
2,VACATION BOONDOCK,R,12
2,VALENTINE VANISHING,PG-13,12
2,VANISHING ROCKY,NC-17,12
2,VIRGIN DAISY,PG-13,12
2,ACADEMY DINOSAUR,PG,11
2,AFRICAN EGG,G,11
2,ALAMO VIDEOTAPE,G,11
2,ALONE TRIP,R,11
2,AMERICAN CIRCUS,R,11
2,ARACHNOPHOBIA ROLLERCOASTER,PG-13,11
2,ARMAGEDDON LOST,G,11
2,AUTUMN CROW,G,11
2,BEETHOVEN EXORCIST,PG-13,11
2,BIRD INDEPENDENCE,G,11
2,BLADE POLISH,PG-13,11
2,BREAKFAST GOLDFINGER,G,11
2,BUGSY SONG,G,11
2,CAMELOT VACATION,NC-17,11
2,CASABLANCA SUPER,G,11
2,CLONES PINOCCHIO,R,11
2,COMA HEAD,NC-17,11
2,COMMAND DARLING,PG-13,11
2,CONFUSED CANDLES,PG-13,11
2,CRANES RESERVOIR,NC-17,11
2,CUPBOARD SINNERS,R,11
2,DARKO DORADO,NC-17,11
2,DINOSAUR SECRETARY,R,11
2,DOOM DANCING,R,11
2,DRAGON SQUAD,NC-17,11
2,DRAGONFLY STRANGERS,NC-17,11
2,DREAM PICKUP,PG,11
2,DRUMLINE CYCLONE,G,11
2,EARRING INSTINCT,R,11
2,EFFECT GLADIATOR,PG,11
2,ENOUGH RAGING,NC-17,11
2,EXCITEMENT EVE,G,11
2,EYES DRIVING,PG-13,11
2,FANTASIA PARK,G,11
2,FORRESTER COMANCHEROS,NC-17,11
2,GALAXY SWEETHEARTS,R,11
2,GARDEN ISLAND,G,11
2,GATHERING CALENDAR,PG-13,11
2,GILMORE BOILED,R,11
2,GREEK EVERYONE,PG,11
2,HEAVYWEIGHTS BEAST,G,11
2,HONEY TIES,R,11
2,INDIAN LOVE,NC-17,11
2,INSECTS STONE,NC-17,11
2,IRON MOON,PG,11
2,JACKET FRISCO,PG-13,11
2,JERK PAYCHECK,NC-17,11
2,KICK SAVANNAH,PG-13,11
2,KISS GLORY,PG-13,11
2,LANGUAGE COWBOY,NC-17,11
2,LEAGUE HELLFIGHTERS,PG-13,11
2,LIES TREATMENT,NC-17,11
2,LION UNCUT,PG,11
2,MALTESE HOPE,PG-13,11
2,MERMAID INSECTS,NC-17,11
2,NAME DETECTIVE,PG-13,11
2,NEWTON LABYRINTH,PG,11
2,NORTH TEQUILA,NC-17,11
2,OCTOBER SUBMARINE,PG-13,11
2,OPUS ICE,R,11
2,PIANIST OUTFIELD,NC-17,11
2,PIRATES ROXANNE,PG,11
2,PITY BOUND,NC-17,11
2,POTLUCK MIXED,G,11
2,PRIDE ALAMO,NC-17,11
2,PRIX UNDEFEATED,R,11
2,RIDER CADDYSHACK,PG,11
2,ROUGE SQUAD,NC-17,11
2,SANTA PARIS,PG,11
2,SHAKESPEARE SADDLE,PG-13,11
2,SILENCE KANE,R,11
2,SLEEPING SUSPECTS,PG-13,11
2,SMOOCHY CONTROL,R,11
2,SPICE SORORITY,NC-17,11
2,STING PERSONAL,NC-17,11
2,STRAIGHT HOURS,R,11
2,STRICTLY SCARFACE,PG-13,11
2,SUIT WALLS,R,11
2,TORQUE BOUND,G,11
2,TRACY CIDER,G,11
2,TWISTED PIRATES,PG,11
2,UNFORGIVEN ZOOLANDER,PG,11
2,VIDEOTAPE ARSENIC,NC-17,11
2,WATCH TRACY,PG,11
2,WHISPERER GIANT,PG-13,11
2,WINDOW SIDE,R,11
2,WOLVES DESIRE,NC-17,11
2,ZOOLANDER FICTION,R,11
2,AGENT TRUMAN,PG,10
2,ANACONDA CONFESSIONS,R,10
2,ARIZONA BANG,PG,10
2,BEAR GRACELAND,R,10
2,BRINGING HYSTERICAL,PG,10
2,BULL SHAWSHANK,NC-17,10
2,CAROL TEXAS,PG,10
2,CHRISTMAS MOONSHINE,NC-17,10
2,CLEOPATRA DEVIL,PG-13,10
2,CLOCKWORK PARADISE,PG-13,10
2,CLUB GRAFFITI,PG-13,10
2,COMFORTS RUSH,NC-17,10
2,CONEHEADS SMOOCHY,NC-17,10
2,CREATURES SHAKESPEARE,NC-17,10
2,CROSSROADS CASUALTIES,G,10
2,DECEIVER BETRAYED,NC-17,10
2,DOORS PRESIDENT,NC-17,10
2,DOUBTFIRE LABYRINTH,R,10
2,EMPIRE MALKOVICH,G,10
2,EXPECATIONS NATURAL,PG-13,10
2,FANTASY TROOPERS,PG-13,10
2,FIDDLER LOST,R,10
2,FIREBALL PHILADELPHIA,PG,10
2,FROGMEN BREAKING,R,10
2,GANGS PRIDE,PG-13,10
2,GRAPES FURY,G,10
2,GROUNDHOG UNCUT,PG-13,10
2,HARPER DYING,G,10
2,HEAD STRANGER,R,10
2,HEARTBREAKERS BRIGHT,G,10
2,HEAVEN FREEDOM,PG,10
2,HELLFIGHTERS SIERRA,PG,10
2,HILLS NEIGHBORS,G,10
2,HOLES BRANNIGAN,PG,10
2,HOLLOW JEOPARDY,NC-17,10
2,HOURS RAGE,NC-17,10
2,HUSTLER PARTY,NC-17,10
2,INSIDER ARIZONA,NC-17,10
2,INTRIGUE WORST,G,10
2,JAWBREAKER BROOKLYN,PG,10
2,JAWS HARRY,G,10
2,JEDI BENEATH,PG,10
2,JOON NORTHWEST,NC-17,10
2,KNOCK WARLOCK,PG-13,10
2,LAMBS CINCINATTI,PG-13,10
2,LIFE TWISTED,NC-17,10
2,LOVER TRUMAN,G,10
2,MAKER GABLES,PG-13,10
2,MONEY HAROLD,PG,10
2,MUSIC BOONDOCK,R,10
2,NORTHWEST POLISH,PG,10
2,NOTTING SPEAKEASY,PG-13,10
2,ORIENT CLOSER,R,10
2,OUTBREAK DIVINE,NC-17,10
2,PANKY SUBMARINE,G,10
2,PERFECT GROOVE,PG-13,10
2,QUILLS BULL,R,10
2,REAP UNFAITHFUL,PG-13,10
2,RESERVOIR ADAPTATION,PG-13,10
2,RIGHT CRANES,PG-13,10
2,ROCK INSTINCT,G,10
2,ROLLERCOASTER BRINGING,PG-13,10
2,ROOTS REMEMBER,PG-13,10
2,ROXANNE REBEL,R,10
2,SABRINA MIDNIGHT,PG,10
2,SENSIBILITY REAR,PG,10
2,SLUMS DUCK,PG,10
2,SOUTH WAIT,R,10
2,SPOILERS HELLFIGHTERS,G,10
2,STAGE WORLD,PG,10
2,SUGAR WONKA,PG,10
2,VOLCANO TEXAS,NC-17,10
2,WARS PLUTO,G,10
2,WILLOW TRACY,R,10
2,WORKING MICROCOSMOS,R,10
2,WORST BANGER,PG,10
2,AFFAIR PREJUDICE,G,9
2,AIRPLANE SIERRA,PG-13,9
2,ALTER VICTORY,PG-13,9
2,ATTACKS HATE,PG-13,9
2,ATTRACTION NEWTON,PG-13,9
2,BACKLASH UNDEFEATED,PG-13,9
2,BANGER PINOCCHIO,R,9
2,BASIC EASY,PG-13,9
2,BIKINI BORROWERS,NC-17,9
2,BROTHERHOOD BLANKET,R,9
2,CASUALTIES ENCINO,G,9
2,CHAINSAW UPTOWN,PG,9
2,COLOR PHILADELPHIA,G,9
2,DAUGHTER MADIGAN,PG-13,9
2,DESTINY SATURDAY,G,9
2,DEVIL DESIRE,R,9
2,DOLLS RAGE,PG-13,9
2,DROP WATERFRONT,R,9
2,EASY GLADIATOR,G,9
2,ENCOUNTERS CURTAIN,NC-17,9
2,FARGO GANDHI,G,9
2,FERRIS MOTHER,PG,9
2,FORREST SONS,R,9
2,FREAKY POCUS,R,9
2,GHOSTBUSTERS ELF,R,9
2,GILBERT PELICAN,G,9
2,GO PURPLE,R,9
2,GREASE YOUTH,G,9
2,GRINCH MASSAGE,R,9
2,GROOVE FICTION,NC-17,9
2,HALF OUTFIELD,PG-13,9
2,HIGH ENCINO,R,9
2,HOLY TADPOLE,R,9
2,HOPE TOOTSIE,NC-17,9
2,HUMAN GRAFFITI,NC-17,9
2,HUNCHBACK IMPOSSIBLE,PG-13,9
2,IDAHO LOVE,PG-13,9
2,IGBY MAKER,NC-17,9
2,KWAI HOMEWARD,PG-13,9
2,LEGALLY SECRETARY,PG,9
2,LEGEND JEDI,PG,9
2,MADISON TRAP,R,9
2,MARS ROMAN,NC-17,9
2,MIDNIGHT WESTWARD,G,9
2,MIRACLE VIRTUAL,PG-13,9
2,MONSOON CAUSE,PG,9
2,MUMMY CREATURES,NC-17,9
2,NEMO CAMPUS,NC-17,9
2,OTHERS SOUP,PG,9
2,PATRIOT ROMAN,PG,9
2,PLATOON INSTINCT,PG-13,9
2,RANDOM GO,NC-17,9
2,REAR TRADING,NC-17,9
2,REQUIEM TYCOON,R,9
2,SCARFACE BANG,PG-13,9
2,SEA VIRGIN,PG,9
2,SECRETARY ROUGE,PG,9
2,SLEEPY JAPANESE,PG,9
2,SNOWMAN ROLLERCOASTER,G,9
2,SPARTACUS CHEAPER,NC-17,9
2,SPEED SUIT,PG-13,9
2,SWEDEN SHINING,PG,9
2,TRADING PINOCCHIO,PG,9
2,TRAP GUYS,G,9
2,TROJAN TOMORROW,PG,9
2,TRUMAN CRAZY,G,9
2,VANILLA DAY,NC-17,9
2,VARSITY TRIP,NC-17,9
2,VIETNAM SMOOCHY,PG-13,9
2,WATERFRONT DELIVERANCE,G,9
2,ALI FOREVER,PG,8
2,ALLEY EVOLUTION,NC-17,8
2,ANGELS LIFE,G,8
2,BABY HALL,NC-17,8
2,BAKED CLEOPATRA,G,8
2,BALLROOM MOCKINGBIRD,G,8
2,BETRAYED REAR,NC-17,8
2,BIRDS PERDITION,G,8
2,BLUES INSTINCT,G,8
2,BOULEVARD MOB,R,8
2,BRIDE INTRIGUE,G,8
2,CALENDAR GUNFIGHT,NC-17,8
2,CANDLES GRAPES,NC-17,8
2,CARRIE BUNCH,PG,8
2,CASPER DRAGONFLY,PG-13,8
2,CHAMBER ITALIAN,NC-17,8
2,CHICKEN HELLFIGHTERS,PG,8
2,CHILL LUCK,PG,8
2,CHOCOLAT HARRY,NC-17,8
2,CLYDE THEORY,PG-13,8
2,CONFESSIONS MAGUIRE,PG-13,8
2,DAY UNFAITHFUL,G,8
2,DESIRE ALIEN,NC-17,8
2,DETAILS PACKER,R,8
2,DRIFTER COMMANDMENTS,PG-13,8
2,DRIVING POLISH,NC-17,8
2,DWARFS ALTER,G,8
2,ENTRAPMENT SATISFACTION,R,8
2,FOOL MOCKINGBIRD,PG,8
2,FRISCO FORREST,PG,8
2,GASLIGHT CRUSADE,PG,8
2,GHOST GROUNDHOG,G,8
2,GOLDFINGER SENSIBILITY,G,8
2,GROSSE WONDERFUL,R,8
2,HOOSIERS BIRDCAGE,G,8
2,HUNGER ROOF,G,8
2,HYSTERICAL GRAIL,PG,8
2,ICE CROSSING,R,8
2,JEEPERS WEDDING,R,8
2,JEKYLL FROGMEN,PG,8
2,KARATE MOON,PG-13,8
2,MOVIE SHAKESPEARE,PG,8
2,PAPI NECKLACE,PG,8
2,PARK CITIZEN,PG-13,8
2,PATIENT SISTER,NC-17,8
2,PILOT HOOSIERS,PG,8
2,PUNK DIVORCE,PG,8
2,PURE RUNNER,NC-17,8
2,RAGE GAMES,R,8
2,REBEL AIRPORT,G,8
2,ROCKY WAR,PG-13,8
2,ROMAN PUNK,NC-17,8
2,RUNAWAY TENENBAUMS,NC-17,8
2,RUNNER MADIGAN,NC-17,8
2,SAINTS BRIDE,G,8
2,SEATTLE EXPECATIONS,PG-13,8
2,SECRETS PARADISE,G,8
2,SLEUTH ORIENT,NC-17,8
2,SOUP WISDOM,R,8
2,STRANGELOVE DESIRE,NC-17,8
2,SUNRISE LEAGUE,PG-13,8
2,SUNSET RACER,NC-17,8
2,TOMORROW HUSTLER,R,8
2,TOURIST PELICAN,PG-13,8
2,UNCUT SUICIDES,PG-13,8
2,UNFAITHFUL KILL,R,8
2,UNITED PILOT,R,8
2,UNTOUCHABLES SUNRISE,NC-17,8
2,VELVET TERMINATOR,R,8
2,VERTIGO NORTHWEST,R,8
2,WASH HEAVENLY,R,8
2,WORDS HUNTER,PG,8
2,ZHIVAGO CORE,NC-17,8
2,AMADEUS HOLY,PG,7
2,BARBARELLA STREETCAR,G,7
2,BAREFOOT MANCHURIAN,G,7
2,BEAUTY GREASE,G,7
2,CLERKS ANGELS,G,7
2,CONVERSATION DOWNHILL,R,7
2,DALMATIONS SWEDEN,PG,7
2,DAWN POND,PG,7
2,DIRTY ACE,NC-17,7
2,DOZEN LION,NC-17,7
2,EARLY HOME,NC-17,7
2,EGYPT TENENBAUMS,PG,7
2,FIDELITY DEVIL,G,7
2,FIRE WOLVES,R,7
2,FLATLINERS KILLER,G,7
2,FURY MURDER,PG-13,7
2,GORGEOUS BINGO,R,7
2,GRADUATE LORD,G,7
2,HORN WORKING,PG,7
2,INTENTIONS EMPIRE,PG-13,7
2,KISSING DOLLS,R,7
2,LEATHERNECKS DWARFS,PG-13,7
2,LESSON CLEOPATRA,NC-17,7
2,LOVELY JINGLE,PG,7
2,LUKE MUMMY,NC-17,7
2,MADNESS ATTACKS,PG-13,7
2,MAGIC MALLRATS,PG,7
2,MANCHURIAN CURTAIN,PG,7
2,MASKED BUBBLE,PG-13,7
2,MEMENTO ZOOLANDER,NC-17,7
2,MINDS TRUMAN,PG-13,7
2,MISSION ZOOLANDER,PG-13,7
2,MONSTER SPARTACUS,PG,7
2,MOTHER OLEANDER,R,7
2,NEWSIES STORY,G,7
2,PANTHER REDS,NC-17,7
2,PIZZA JUMANJI,NC-17,7
2,POSEIDON FOREVER,PG-13,7
2,POTTER CONNECTICUT,PG,7
2,REIGN GENTLEMEN,PG-13,7
2,REUNION WITCHES,R,7
2,RIVER OUTLAW,PG-13,7
2,RULES HUMAN,R,7
2,SAGEBRUSH CLUELESS,G,7
2,SENSE GREEK,R,7
2,SHAWSHANK BUBBLE,PG,7
2,SHIP WONDERLAND,R,7
2,SIERRA DIVIDE,NC-17,7
2,SMOKING BARBARELLA,PG-13,7
2,STALLION SUNDANCE,PG-13,7
2,STEERS ARMAGEDDON,PG,7
2,STEPMOM DREAM,NC-17,7
2,STREAK RIDGEMONT,PG-13,7
2,SUMMER SCARFACE,G,7
2,SUNDANCE INVASION,NC-17,7
2,TOMATOES HELLFIGHTERS,PG,7
2,TOOTSIE PILOT,PG,7
2,TOWN ARK,R,7
2,TREATMENT JEKYLL,PG,7
2,UNBREAKABLE KARATE,G,7
2,WEEKEND PERSONAL,R,7
2,WONDERLAND CHRISTMAS,PG,7
2,WORKER TARZAN,R,7
2,WORLD LEATHERNECKS,PG-13,7
2,WRONG BEHAVIOR,PG-13,7
2,ACE GOLDFINGER,G,6
2,AMISTAD MIDSUMMER,G,6
2,APOCALYPSE FLAMINGOS,R,6
2,BED HIGHBALL,NC-17,6
2,BEDAZZLED MARRIED,PG,6
2,BILL OTHERS,PG,6
2,BOWFINGER GABLES,NC-17,6
2,BROOKLYN DESERT,R,6
2,CANYON STOCK,R,6
2,CASSIDY WYOMING,NC-17,6
2,CENTER DINOSAUR,PG,6
2,CHASING FIGHT,PG,6
2,CHICAGO NORTH,PG-13,6
2,CRAFT OUTFIELD,NC-17,6
2,CROW GREASE,PG,6
2,DARN FORRESTER,G,6
2,DUMBO LUST,NC-17,6
2,EXORCIST STING,G,6
2,EXTRAORDINARY CONQUERER,G,6
2,FLINTSTONES HAPPINESS,PG-13,6
2,GABLES METROPOLIS,PG,6
2,GOLD RIVER,R,6
2,HOLLYWOOD ANONYMOUS,PG,6
2,HOLOCAUST HIGHBALL,R,6
2,INSTINCT AIRPORT,PG,6
2,ITALIAN AFRICAN,G,6
2,JAPANESE RUN,G,6
2,JERICHO MULAN,NC-17,6
2,JERSEY SASSY,PG,6
2,LADYBUGS ARMAGEDDON,NC-17,6
2,LAWRENCE LOVE,NC-17,6
2,MOTIONS DETAILS,PG,6
2,MOULIN WAKE,PG-13,6
2,MULHOLLAND BEAST,PG,6
2,MUSKETEERS WAIT,PG,6
2,NOVOCAINE FLIGHT,G,6
2,OKLAHOMA JUMANJI,PG,6
2,PARADISE SABRINA,PG-13,6
2,PARTY KNOCK,PG,6
2,PATHS CONTROL,PG,6
2,PERSONAL LADYBUGS,PG-13,6
2,PREJUDICE OLEANDER,PG-13,6
2,REEF SALUTE,NC-17,6
2,RUSHMORE MERMAID,PG-13,6
2,SATISFACTION CONFIDENTIAL,G,6
2,SCHOOL JACKET,PG-13,6
2,SHANGHAI TYCOON,PG,6
2,SIDE ARK,G,6
2,SILVERADO GOLDFINGER,PG,6
2,SLING LUKE,R,6
2,SOMETHING DUCK,NC-17,6
2,SPINAL ROCKY,PG-13,6
2,TAXI KICK,PG-13,6
2,TEQUILA PAST,PG,6
2,TERMINATOR CLUB,R,6
2,VANISHED GARDEN,R,6
2,YENTL IDAHO,R,6
2,BIRCH ANTITRUST,PG,5
2,BUBBLE GROSSE,R,5
2,BUNCH MINDS,G,5
2,CINCINATTI WHISPERER,NC-17,5
2,COLDBLOODED DARLING,G,5
2,CONSPIRACY SPIRIT,PG-13,5
2,DISCIPLE MOTHER,PG,5
2,EAGLES PANKY,NC-17,5
2,GUNFIGHTER MUSSOLINI,PG-13,5
2,HALL CASSIDY,NC-17,5
2,HAPPINESS UNITED,G,5
2,HAUNTED ANTITRUST,NC-17,5
2,HOMICIDE PEACH,PG-13,5
2,IMAGE PRINCESS,PG-13,5
2,INFORMER DOUBLE,NC-17,5
2,JET NEIGHBORS,R,5
2,MAGNOLIA FORRESTER,PG-13,5
2,MANNEQUIN WORST,PG-13,5
2,MINE TITANS,PG-13,5
2,MUSSOLINI SPOILERS,G,5
2,OUTLAW HANKY,PG-13,5
2,PAYCHECK WAIT,PG-13,5
2,PEACH INNOCENT,PG-13,5
2,SEVEN SWARM,R,5
2,TRAFFIC HOBBIT,G,5
2,TROOPERS METAL,R,5
2,TURN STAR,G,5
2,TUXEDO MILE,R,5
2,VALLEY PACKER,G,5
2,WONKA SEA,NC-17,5
2,ALABAMA DEVIL,PG-13,4
2,FRENCH HOLIDAY,PG,4
2,FRIDA SLIPPER,R,4
2,LADY STAGE,PG,4
2,MEET CHOCOLATE,G,4
2,POLLOCK DELIVERANCE,PG,4
2,POND SEATTLE,PG-13,4
2,SLACKER LIAISONS,R,4
2,STATE WASTELAND,NC-17,4
2,THIEF PELICAN,PG-13,4
2,WAIT CIDER,PG-13,4
2,WAR NOTTING,G,4
2,WIZARD COLDBLOODED,PG,4
2,LUST LOCK,G,3
2,SONS INTERVIEW,NC-17,3
